data_name,total_tokens,average_tokens_per_node,count,mean,std,min,25%,50%,75%,max,data size
history,10971027,264.0376164231908,41551.0,264.0376164231908,350.9701690967449,8.0,82.0,158.0,355.0,19558.0,57.11696434020996
