name,num_nodes,num_edges,edge_density,degree_gini,avg_deg,avg_deg2,deg_heterogeneity,avg_shortest_path,approximate_diameter,avg_degree,coreness_eq_1,coreness_geq_2,coreness_geq_5,coreness_geq_10,coreness_gini,avg_cc,transitivity,cc_size,power_law_estimate
history_True,36655.0,496248.0,0.0003693551595610672,0.7040340729630936,47.25864487486674,43.83426876690464,0.38537859566958554,5.383,inf,13.538344383239746,0.2326831264493248,0.7673168735506752,0.39236120583822126,0.19121538671395444,0.6015152837386322,0.286961010114487,0.1707975683621706,1.0,1.8355927639330762
