name,num_nodes,num_edges,edge_density,degree_gini,avg_deg,avg_deg2,deg_heterogeneity,avg_shortest_path,approximate_diameter,avg_degree,coreness_eq_1,coreness_geq_2,coreness_geq_5,coreness_geq_10,coreness_gini,avg_cc,transitivity,cc_size,power_law_estimate
photo_True,47420.0,872602.0,0.00038806302374546237,0.6442439330171155,108.95700951654928,66.12695075697155,0.30384712333622926,4.767,inf,18.401559829711914,0.15885702235343738,0.8411429776465627,0.6092998734711093,0.4136651202024462,0.4730042600124857,0.38392572473262837,0.11968190213751424,1.0,1.6417680425364183
