Metric,Hits@1,Hits@3,Hits@10,Hits@20,Hits@50,Hits@100,MRR,mrr_hit1,mrr_hit3,mrr_hit10,mrr_hit20,mrr_hit50,mrr_hit100,AUC,AP,ACC,out_channels,hidden_channels,heads,negative_slope,dropout,num_layers,base_lr,score_num_layers_predictor,score_gin_mlp_layer,score_hidden_channels,score_out_channels,score_num_layers,score_dropout,product,batch_size,batch_size_sampler,lr,num_neighbors,num_hops,epochs,train_time,test_time,params
cora_runputzy55y_GAT_hyperrg3pabg0,0.36 ± 0.28,1.35 ± 0.38,2.07 ± 0.24,3.82 ± 0.49,6.96 ± 2.11,12.56 ± 3.38,1.47 ± 0.38,0.36 ± 0.28,1.35 ± 0.38,2.07 ± 0.24,3.82 ± 0.49,6.96 ± 2.11,12.56 ± 3.38,79.04 ± 6.39,83.36 ± 4.60,74.33 ± 8.08,128,128,4,0.1,0,3,0.015,3,2,32,1,3,0.1,dot,256,128,0.1,10,5,4,2.451929807662964,2.48824429512024,222561
cora_runaa482906_GAT_hyperp8b78d1p,0.50 ± 0.34,1.67 ± 0.73,3.32 ± 0.45,4.80 ± 0.62,7.07 ± 1.83,9.78 ± 1.44,1.46 ± 0.36,0.50 ± 0.34,1.67 ± 0.73,3.32 ± 0.45,4.80 ± 0.62,7.07 ± 1.83,9.78 ± 1.44,62.32 ± 3.54,71.71 ± 2.38,57.92 ± 2.77,128,128,4,0.1,0,3,0.015,3,2,32,1,3,0.1,dot,256,128,0.1,10,5,4,3.729950428009033,3.766744136810303,222561
cora_runttzdiogl_GAT_hyper5hjv5aqq,0.50 ± 0.34,1.67 ± 0.73,3.32 ± 0.45,4.80 ± 0.62,7.07 ± 1.83,9.78 ± 1.44,1.46 ± 0.36,0.50 ± 0.34,1.67 ± 0.73,3.32 ± 0.45,4.80 ± 0.62,7.07 ± 1.83,9.78 ± 1.44,62.32 ± 3.54,71.71 ± 2.38,57.92 ± 2.77,128,128,4,0.1,0,3,0.015,3,2,32,1,3,0.1,dot,256,128,0.1,10,5,4,6.058014154434204,6.1109254360198975,222561
Best,0.50 ± 0.34,1.67 ± 0.73,3.32 ± 0.45,4.80 ± 0.62,7.07 ± 1.83,9.78 ± 1.44,1.47 ± 0.38,0.50 ± 0.34,1.67 ± 0.73,3.32 ± 0.45,4.80 ± 0.62,7.07 ± 1.83,9.78 ± 1.44,79.04 ± 6.39,83.36 ± 4.60,74.33 ± 8.08,128,128,4,0.1,0,3,0.015,3,2,32,1,3,0.1,dot,256,128,0.1,10,5,4,6.058014154434204,6.1109254360198975,222561
