Metric,Hits@1,Hits@3,Hits@10,Hits@20,Hits@50,Hits@100,MRR,mrr_hit1,mrr_hit3,mrr_hit10,mrr_hit20,mrr_hit50,mrr_hit100,AUC,AP,ACC,out_channels,hidden_channels,base_lr,score_num_layers_predictor,score_gin_mlp_layer,score_hidden_channels,score_out_channels,score_num_layers,score_dropout,product,batch_size,batch_size_sampler,lr,num_neighbors,num_hops,epochs,train_time,test_time,params
cora_runt6ex47pf_GraphSage_hyperscw3c1dc,1.14 ± 1.31,2.00 ± 0.83,4.98 ± 0.75,7.97 ± 0.57,11.58 ± 0.65,17.61 ± 2.17,2.73 ± 1.26,1.14 ± 1.31,2.00 ± 0.83,4.98 ± 0.75,7.97 ± 0.57,11.58 ± 0.65,17.61 ± 2.17,69.64 ± 3.44,81.80 ± 1.73,62.66 ± 5.84,16,16,0.015,3,2,16,1,3,0.1,dot,64,128,0.015,5,6,4,2.829198122024536,2.889138698577881,47489
cora_runxc0igi8c_GraphSage_hyperovz7pw9a,0.85 ± 1.07,1.69 ± 1.23,4.33 ± 0.50,5.74 ± 0.90,9.74 ± 2.06,13.68 ± 2.28,2.43 ± 0.49,0.85 ± 1.07,1.70 ± 1.22,4.33 ± 0.50,5.74 ± 0.90,9.74 ± 2.06,13.68 ± 2.28,64.00 ± 1.89,75.55 ± 3.95,56.00 ± 6.74,16,16,0.015,3,2,16,1,3,0.1,dot,64,128,0.015,5,6,4,4.492340564727783,4.542521715164185,47489
cora_runb6xlgl20_GraphSage_hypererexsfc6,0.85 ± 1.07,1.69 ± 1.23,4.33 ± 0.50,5.74 ± 0.90,9.74 ± 2.06,13.68 ± 2.28,2.43 ± 0.49,0.85 ± 1.07,1.70 ± 1.22,4.33 ± 0.50,5.74 ± 0.90,9.74 ± 2.06,13.68 ± 2.28,64.00 ± 1.89,75.55 ± 3.95,56.00 ± 6.74,16,16,0.015,3,2,16,1,3,0.1,dot,64,128,0.015,5,6,4,8.256888151168823,8.37571406364441,47489
Best,1.14 ± 1.31,2.00 ± 0.83,4.98 ± 0.75,7.97 ± 0.57,9.74 ± 2.06,17.61 ± 2.17,2.73 ± 1.26,1.14 ± 1.31,2.00 ± 0.83,4.98 ± 0.75,7.97 ± 0.57,9.74 ± 2.06,17.61 ± 2.17,69.64 ± 3.44,81.80 ± 1.73,62.66 ± 5.84,16,16,0.015,3,2,16,1,3,0.1,dot,64,128,0.015,5,6,4,8.256888151168823,8.37571406364441,47489
