Metric,Hits@1,Hits@3,Hits@10,Hits@20,Hits@50,Hits@100,MRR,mrr_hit1,mrr_hit3,mrr_hit10,mrr_hit20,mrr_hit50,mrr_hit100,AUC,AP,ACC,out_channels,hidden_channels,base_lr,score_num_layers_predictor,score_gin_mlp_layer,score_hidden_channels,score_out_channels,score_num_layers,score_dropout,product,batch_size,batch_size_sampler,lr,walk_length,num_steps,sample_coverage,epochs,train_time,test_time,params
cora_runtke1zyit_GraphSage_hyperw9ucxvhg,0.43 ± 0.28,1.24 ± 0.53,2.90 ± 0.61,4.33 ± 1.38,8.74 ± 0.80,13.49 ± 0.36,1.40 ± 0.42,0.43 ± 0.28,1.24 ± 0.53,2.90 ± 0.61,4.33 ± 1.38,8.77 ± 0.82,13.49 ± 0.36,66.63 ± 1.55,73.86 ± 1.57,57.32 ± 0.79,16,16,0.015,3,2,16,1,3,0.1,dot,64,128,0.015,10,10,100,4,1.7179551124572754,1.7825992107391355,47489
cora_runtogybnyu_GraphSage_hyperrox8jjhg,0.43 ± 0.28,1.24 ± 0.53,2.90 ± 0.61,4.33 ± 1.38,8.74 ± 0.80,13.49 ± 0.36,1.40 ± 0.42,0.43 ± 0.28,1.24 ± 0.53,2.90 ± 0.61,4.33 ± 1.38,8.77 ± 0.82,13.49 ± 0.36,66.63 ± 1.55,73.86 ± 1.57,57.32 ± 0.79,16,16,0.015,3,2,16,1,3,0.1,dot,64,128,0.015,10,10,100,4,1.7682623863220215,1.8206517696380615,47489
Best,0.43 ± 0.28,1.24 ± 0.53,2.90 ± 0.61,4.33 ± 1.38,8.74 ± 0.80,13.49 ± 0.36,1.40 ± 0.42,0.43 ± 0.28,1.24 ± 0.53,2.90 ± 0.61,4.33 ± 1.38,8.77 ± 0.82,13.49 ± 0.36,66.63 ± 1.55,73.86 ± 1.57,57.32 ± 0.79,16,16,0.015,3,2,16,1,3,0.1,dot,64,128,0.015,10,10,100,4,1.7682623863220215,1.8206517696380615,47489
