Metric,Hits@1,Hits@3,Hits@10,Hits@20,Hits@50,Hits@100,MRR,mrr_hit1,mrr_hit3,mrr_hit10,mrr_hit20,mrr_hit50,mrr_hit100,AUC,AP,ACC,out_channels,hidden_channels,batch_size,batch_size_sampler,lr,num_neighbors,num_hops,epochs,train_time,test_time,params
Tune,20.13 ± 9.93,32.00 ± 9.07,47.17 ± 4.40,56.08 ± 4.43,69.19 ± 1.17,79.23 ± 1.95,29.61 ± 8.17,20.13 ± 9.93,32.00 ± 9.07,47.17 ± 4.40,56.08 ± 4.43,69.19 ± 1.17,79.23 ± 1.95,79.48 ± 1.13,99.66 ± 0.02,77.78 ± 4.96,128,128,512,128,0.015,10,5,1,623.5909020900726,624.0580999851227,71552
Best,20.13 ± 9.93,32.00 ± 9.07,47.17 ± 4.40,56.08 ± 4.43,69.19 ± 1.17,79.23 ± 1.95,29.61 ± 8.17,20.13 ± 9.93,32.00 ± 9.07,47.17 ± 4.40,56.08 ± 4.43,69.19 ± 1.17,79.23 ± 1.95,79.48 ± 1.13,99.66 ± 0.02,77.78 ± 4.96,128,128,512,128,0.015,10,5,1,623.5909020900726,624.0580999851227,71552
