Metric,Hits@1,Hits@3,Hits@10,Hits@20,Hits@50,Hits@100,MRR,mrr_hit1,mrr_hit3,mrr_hit10,mrr_hit20,mrr_hit50,mrr_hit100,AUC,AP,ACC,out_channels,hidden_channels,batch_size,batch_size_sampler,lr,num_neighbors,num_hops,epochs,train_time,test_time,params
Tune,2.14 ± 1.54,5.44 ± 2.34,8.30 ± 0.87,10.81 ± 0.77,16.24 ± 0.14,20.90 ± 1.53,4.75 ± 1.43,2.14 ± 1.54,5.44 ± 2.34,8.30 ± 0.87,10.81 ± 0.77,16.24 ± 0.14,20.90 ± 1.53,79.84 ± 0.54,85.23 ± 0.40,64.73 ± 6.03,128,128,512,128,0.015,10,5,2,9.381136655807495,9.511695623397827,216576
cora_runlvvbnkf7_GAE_hypergap62nh3,12.34 ± 12.02,20.83 ± 16.37,30.18 ± 14.48,52.66 ± 2.89,67.75 ± 3.05,77.77 ± 4.11,18.40 ± 12.93,12.34 ± 12.02,20.83 ± 16.37,30.18 ± 14.48,52.66 ± 2.89,67.75 ± 3.05,77.77 ± 4.11,97.68 ± 0.38,98.51 ± 0.28,92.53 ± 4.24,128,128,512,128,0.015,10,5,100,2.5033388137817383,2.528838872909546,216576
cora_runmen6i1aj_GAE_hypertx436if1,11.94 ± 9.31,21.57 ± 13.73,31.19 ± 14.72,35.73 ± 16.31,63.76 ± 14.79,82.86 ± 0.88,19.39 ± 10.80,11.94 ± 9.31,21.57 ± 13.73,31.19 ± 14.72,35.73 ± 16.31,63.76 ± 14.79,82.86 ± 0.88,97.58 ± 0.61,98.24 ± 0.40,90.17 ± 4.58,128,128,512,128,0.015,10,5,100,2.692765951156616,2.7104411125183105,216576
cora_run7fptngja_GAE_hyperj2rk474x,12.32 ± 11.43,19.65 ± 7.61,24.32 ± 16.82,38.85 ± 17.58,54.41 ± 8.93,69.38 ± 6.27,19.79 ± 16.34,12.32 ± 11.43,19.65 ± 7.61,24.32 ± 16.82,38.85 ± 17.58,54.41 ± 8.93,69.38 ± 6.27,97.18 ± 0.42,98.17 ± 0.26,86.02 ± 1.06,128,128,512,128,0.015,10,5,20,1.4035778045654297,1.4197273254394531,216576
Tune,15.41 ± 7.01,12.02 ± 6.71,35.17 ± 10.09,39.90 ± 18.14,63.75 ± 0.68,72.67 ± 1.06,19.80 ± 9.49,15.41 ± 7.01,12.02 ± 6.71,35.17 ± 10.09,39.90 ± 18.14,63.75 ± 0.68,72.67 ± 1.06,97.28 ± 0.42,98.24 ± 0.23,86.52 ± 1.10,128,128,512,128,0.015,10,5,20,1.3718183040618896,1.387789011001587,216576
Best,2.14 ± 1.54,5.44 ± 2.34,8.30 ± 0.87,52.66 ± 2.89,67.75 ± 3.05,82.86 ± 0.88,4.75 ± 1.43,2.14 ± 1.54,5.44 ± 2.34,8.30 ± 0.87,52.66 ± 2.89,67.75 ± 3.05,82.86 ± 0.88,97.68 ± 0.38,98.51 ± 0.28,92.53 ± 4.24,128,128,512,128,0.015,10,5,100,9.381136655807495,9.511695623397827,216576
