Metric,Hits@1,Hits@3,Hits@10,Hits@20,Hits@50,Hits@100,MRR,mrr_hit1,mrr_hit3,mrr_hit10,mrr_hit20,mrr_hit50,mrr_hit100,AUC,AP,ACC,out_channels,hidden_channels,base_lr,score_num_layers_predictor,score_gin_mlp_layer,score_hidden_channels,score_out_channels,score_num_layers,score_dropout,product,batch_size,lr,batch_size_sampler,num_neighbors,num_hops,epochs,train_time,test_time,params
Tune,20.43 ± 26.56,38.93 ± 47.22,36.75 ± 39.64,43.67 ± 46.54,73.11 ± 27.06,99.29 ± 0.93,17.14 ± 11.97,20.43 ± 26.56,38.93 ± 47.22,36.75 ± 39.64,43.67 ± 46.54,73.11 ± 27.06,99.29 ± 0.93,99.35 ± 0.30,99.23 ± 1.10,99.16 ± 0.40,16,16,0.015,3,2,16,1,3,0.1,dot,64,0.015,128,5,6,200,1.3014113903045654,1.3206126689910889,47489
Tune,14.23 ± 11.60,11.10 ± 2.18,12.45 ± 5.46,21.76 ± 11.24,37.39 ± 7.58,75.44 ± 19.87,11.66 ± 3.84,14.23 ± 11.60,11.10 ± 2.18,12.45 ± 5.46,21.76 ± 11.24,37.39 ± 7.58,75.44 ± 19.87,99.20 ± 0.47,98.31 ± 0.93,97.39 ± 1.51,16,16,0.015,3,2,16,1,3,0.1,dot,64,0.015,128,5,6,100,1.33902907371521,1.3615400791168213,47489
Tune,3.92 ± 2.60,37.36 ± 46.32,13.01 ± 7.81,46.58 ± 46.52,96.77 ± 3.09,99.54 ± 0.44,9.48 ± 4.00,3.92 ± 2.60,37.36 ± 46.32,41.77 ± 48.71,46.71 ± 46.74,96.77 ± 3.09,99.54 ± 0.44,99.77 ± 0.32,99.27 ± 1.21,99.35 ± 0.51,16,16,0.015,3,2,16,1,3,0.1,dot,64,0.015,128,5,6,300,1.3599951267242432,1.3800041675567627,47489
Best,3.92 ± 2.60,38.93 ± 47.22,36.75 ± 39.64,46.58 ± 46.52,96.77 ± 3.09,99.54 ± 0.44,9.48 ± 4.00,3.92 ± 2.60,38.93 ± 47.22,41.77 ± 48.71,46.71 ± 46.74,96.77 ± 3.09,99.54 ± 0.44,99.77 ± 0.32,99.27 ± 1.21,99.35 ± 0.51,16,16,0.015,3,2,16,1,3,0.1,dot,64,0.015,128,5,6,300,1.3599951267242432,1.3800041675567627,47489