Metric,Hits@1,Hits@3,Hits@10,Hits@20,Hits@50,Hits@100,MRR,mrr_hit1,mrr_hit3,mrr_hit10,mrr_hit20,mrr_hit50,mrr_hit100,AUC,AP,ACC,out_channels,hidden_channels,batch_size,batch_size_sampler,lr,num_neighbors,num_hops,epochs,train_time,test_time,params
Tune,4.61 ± 1.03,7.13 ± 4.26,11.59 ± 3.12,17.13 ± 2.71,27.64 ± 1.28,40.16 ± 2.38,4.99 ± 1.42,4.61 ± 1.03,7.13 ± 4.26,11.59 ± 3.12,17.13 ± 2.71,27.64 ± 1.28,40.16 ± 2.38,98.03 ± 0.11,98.96 ± 0.05,90.68 ± 4.10,128,128,512,128,0.015,10,5,100,85.23810291290283,85.35393023490906,97152
Best,4.61 ± 1.03,7.13 ± 4.26,11.59 ± 3.12,17.13 ± 2.71,27.64 ± 1.28,40.16 ± 2.38,4.99 ± 1.42,4.61 ± 1.03,7.13 ± 4.26,11.59 ± 3.12,17.13 ± 2.71,27.64 ± 1.28,40.16 ± 2.38,98.03 ± 0.11,98.96 ± 0.05,90.68 ± 4.10,128,128,512,128,0.015,10,5,100,85.23810291290283,85.35393023490906,97152
