Metric,Hits@1,Hits@3,Hits@10,Hits@20,Hits@50,Hits@100,MRR,mrr_hit1,mrr_hit3,mrr_hit10,mrr_hit20,mrr_hit50,mrr_hit100,AUC,AP,ACC,out_channels,hidden_channels,batch_size,batch_size_sampler,lr,num_neighbors,num_hops,epochs,train_time,test_time,params
Tune,9.35 ± 0.55,24.54 ± 6.34,28.08 ± 13.61,43.04 ± 5.53,65.60 ± 7.51,74.50 ± 8.15,17.13 ± 0.68,9.35 ± 0.55,24.54 ± 6.34,28.08 ± 13.61,43.04 ± 5.53,65.60 ± 7.51,74.50 ± 8.15,97.93 ± 0.34,99.63 ± 0.05,94.39 ± 0.32,32,32,512,128,0.015,5,5,100,58.143836975097656,58.21019220352173,19200
Tune,11.13 ± 6.82,22.32 ± 7.19,34.14 ± 10.03,50.45 ± 14.13,67.89 ± 9.90,77.73 ± 10.44,16.75 ± 4.51,11.13 ± 6.82,22.32 ± 7.19,34.14 ± 10.03,50.45 ± 14.13,67.89 ± 9.90,77.73 ± 10.44,97.70 ± 0.10,99.59 ± 0.02,94.33 ± 0.44,32,32,512,128,0.015,5,5,150,60.24939584732056,60.31762194633484,19200
Best,9.35 ± 0.55,24.54 ± 6.34,34.14 ± 10.03,50.45 ± 14.13,67.89 ± 9.90,77.73 ± 10.44,17.13 ± 0.68,9.35 ± 0.55,24.54 ± 6.34,34.14 ± 10.03,50.45 ± 14.13,67.89 ± 9.90,77.73 ± 10.44,97.93 ± 0.34,99.63 ± 0.05,94.39 ± 0.32,32,32,512,128,0.015,5,5,150,60.24939584732056,60.31762194633484,19200
