Metric,Hits@1,Hits@3,Hits@10,Hits@20,Hits@50,Hits@100,MRR,mrr_hit1,mrr_hit3,mrr_hit10,mrr_hit20,mrr_hit50,mrr_hit100,AUC,AP,ACC,out_channels,hidden_channels,batch_size,batch_size_sampler,lr,num_neighbors,num_hops,epochs,train_time,test_time,params
Tune,0.01 ± nan,0.06 ± nan,0.30 ± nan,0.60 ± nan,1.39 ± nan,2.31 ± nan,0.18 ± nan,0.01 ± nan,0.06 ± nan,0.30 ± nan,0.60 ± nan,1.39 ± nan,2.31 ± nan,68.82 ± nan,68.66 ± nan,54.58 ± nan,128,128,512,128,0.015,10,5,2,18.303548574447632,18.46541976928711,135552
Tune,0.17 ± nan,0.06 ± nan,0.48 ± nan,0.68 ± nan,1.53 ± nan,2.76 ± nan,0.32 ± nan,0.17 ± nan,0.06 ± nan,0.48 ± nan,0.68 ± nan,1.53 ± nan,2.76 ± nan,69.37 ± nan,69.56 ± nan,63.43 ± nan,128,128,512,128,0.015,10,5,6,16.88396191596985,17.01729726791382,135552
Tune,0.11 ± nan,0.08 ± nan,0.32 ± nan,0.50 ± nan,1.49 ± nan,2.62 ± nan,0.27 ± nan,0.11 ± nan,0.08 ± nan,0.32 ± nan,0.50 ± nan,1.49 ± nan,2.62 ± nan,69.35 ± nan,69.45 ± nan,64.00 ± nan,128,128,512,128,0.015,10,5,6,18.806551456451416,18.96661138534546,216576
Best,0.17 ± nan,0.08 ± nan,0.48 ± nan,0.68 ± nan,1.53 ± nan,2.76 ± nan,0.32 ± nan,0.17 ± nan,0.08 ± nan,0.48 ± nan,0.68 ± nan,1.53 ± nan,2.76 ± nan,69.37 ± nan,69.56 ± nan,64.00 ± nan,128,128,512,128,0.015,10,5,6,18.806551456451416,18.96661138534546,216576
